"","feature","importance.05","importance","importance.95","permutation.error"
"1","V56",1.07077299423131,1.25656355042912,1.37484159222873,0.144296920292176
"2","V25",0.925377587442345,1.19769284265524,1.34945650585903,0.137536528568024
"3","V84",0.943145685993298,1.19616142064989,1.32535108549651,0.137360668398466
"4","V33",1.04276697554928,1.17022742686582,1.25099232870362,0.13438254967726
"5","V41",0.792973202946896,1.15398152756933,1.33804102405005,0.132516959007325
"6","V12",0.897400794407561,1.14642225106696,1.27798518872592,0.131648892829091
"7","V3",0.893724083972838,1.14172239449572,1.32687781227348,0.131109186875649
"8","V79",0.793565123277401,1.13823821837481,1.30849990170067,0.130709083049758
"9","V76",0.731574712972357,1.13650024545144,1.17454596792984,0.130509503696761
"10","V58",0.948427061055693,1.13165054876047,1.18430464946063,0.129952590919355
"11","V8",1.07645615560306,1.12641131487829,1.26864016516576,0.129350945810652
"12","V50",0.958001584539061,1.12477395962197,1.33603036446268,0.129162920843009
"13","V90",0.960288996413508,1.12108818993833,1.24740483165306,0.128739667109384
"14","V13",0.823709255324089,1.11618833410723,1.17674786991209,0.128176994329276
"15","V7",1.0362009479456,1.11616096791937,1.35332624439431,0.12817385174518
"16","V4",0.954308718419055,1.11497436584452,1.22460918958958,0.128037588820034
"17","V92",0.944964853004998,1.11442838573551,1.1618990124306,0.127974891435374
"18","V60",0.998758586581253,1.11405453992489,1.30968765568048,0.127931961016839
"19","V1",0.83510566211779,1.1131720904849,1.2051953161514,0.127830625325173
"20","V37",0.967807547506476,1.10574328161149,1.29942876830175,0.126977541339484
"21","V11",0.789010079813423,1.10551290135133,1.17597285691677,0.126951085724067
"22","V78",0.818728059376758,1.10122691445149,1.51180474356513,0.126458906311534
"23","V31",0.86652195758921,1.09697786844227,1.35013465851172,0.125970968989861
"24","V42",0.815462439506325,1.09675361817727,1.1559996942088,0.12594521730973
"25","V94",0.943304438374835,1.08150436850736,1.20289665327247,0.124194076459445
"26","V43",0.917214596553806,1.07049880783277,1.3570698761581,0.122930257760511
"27","V6",0.8280584434601,1.06327447889609,1.20407067205306,0.122100655138038
"28","V89",0.803954057621679,1.06273351764849,1.11426484776107,0.12203853409211
"29","V63",0.813904163211259,1.04500921817706,1.24401702612319,0.120003171991093
"30","V77",0.86196635720238,1.04497649254414,1.37493429303929,0.119999413957491
"31","V44",0.922385245254042,1.03893467253864,1.14970438574741,0.119305604225819
"32","V85",0.767832452444827,1.03817749392176,1.3536262498158,0.119218653953793
"33","V14",0.883816570492306,1.03743114708952,1.10882739631087,0.119132947544972
"34","V68",0.860592153334034,1.032892763716,1.11670563974722,0.118611784294868
"35","V47",0.959900092303456,1.02991604998788,1.24878928091619,0.118269954688708
"36","V10",0.857017992272351,1.02528127687982,1.04098484647909,0.117737722566013
"37","V67",0.998242278432312,1.02445979921436,1.0412943837484,0.117643388541145
"38","V26",0.876133756675856,1.02189560308787,1.14361617120353,0.117348930211559
"39","V82",0.859871204104647,1.01992693331118,1.07372824143785,0.11712285888731
"40","V40",0.802417842530164,1.01844096669072,1.30023390137353,0.116952218566797
"41","V53",0.786542247231367,1.00802506969972,1.180166299742,0.115756113636515
"42","V69",0.873084784436574,1.00663796628374,1.06711107734304,0.115596826228421
"43","V24",0.747510225801924,1.00608725830645,1.05945656226489,0.115533585921096
"44","V5",0.894072900106766,1.00567109972126,1.02447207834343,0.115485796533781
"45","V49",0.829395344460482,1.0011110408151,1.07870634284571,0.11496214418346
"46","V23",0.729779391042586,1.0005221340604,1.05096624728717,0.114894517336403
"47","V51",0.688855678462793,0.992537350664493,1.40733633203096,0.113977588261996
"48","V21",0.846876005206166,0.991844737438727,1.06791543387513,0.113898052328141
"49","V19",0.750259601102541,0.991512393420267,1.03357727175777,0.113859887749576
"50","V83",0.81232281390575,0.990500703992487,1.26689007892858,0.113743710840998
"51","V80",0.84255967004339,0.990271291032785,1.26737636257152,0.113717366305102
"52","V88",0.747021021025159,0.989560389030407,1.10410922041003,0.113635730187663
"53","V54",0.798458673296649,0.988286004389496,1.15584211746217,0.113489386790317
"54","V86",0.923355201769477,0.987661856521297,1.14985745091244,0.113417713045557
"55","V74",0.63433600132588,0.981088155164617,1.15225790612189,0.112662824953852
"56","V16",0.836514415576306,0.956202988062922,1.02726700248562,0.109805147781452
"57","V97",0.904521724483461,0.955460128440817,1.16492049824161,0.109719841824867
"58","V99",0.894111429515178,0.954879646253901,1.19036671766997,0.10965318240933
"59","V52",0.842545872415736,0.95487952317953,1.15948436316965,0.109653168276139
"60","V38",0.855573466439504,0.953559587509917,1.12355286726405,0.109501594046532
"61","V96",0.880527320243737,0.952117052145253,1.18908835237615,0.109335941135096
"62","V71",0.864320834222759,0.951322667817286,1.2034795439612,0.109244718361671
"63","V87",0.802501134619627,0.950312616549673,1.1723094250365,0.109128729570492
"64","V73",0.801522670048896,0.95006783346197,1.45308426943798,0.109100620012736
"65","V46",0.603091576207841,0.947502154678795,1.07116386075918,0.108805991422925
"66","V18",0.893329710190963,0.945892327360847,1.16884260758731,0.108621127613926
"67","V72",0.833973885269352,0.944338616701575,1.08989029427136,0.108442707936639
"68","V55",0.815186011178519,0.944302533169958,1.22426035579779,0.108438564300223
"69","V20",0.781024124546416,0.94308921744657,1.26268857562558,0.108299233725047
"70","V64",0.82226000538347,0.940097737147617,1.00999881944476,0.107955708406247
"71","V9",0.799619441298059,0.938277387224898,1.18145876605057,0.107746669326916
"72","V2",0.830525684111011,0.937474837073334,1.24476973365875,0.107654508834746
"73","V61",0.715376885324674,0.932081172779305,1.21816433859423,0.107035129777911
"74","V59",0.746621383520984,0.928745218265207,1.38730604273367,0.106652046914768
"75","V70",0.520709215802179,0.923043594489381,1.10152448460655,0.105997303466866
"76","V62",0.81306191323392,0.922735626357957,1.26140510426766,0.105961938082522
"77","V36",0.750143188021098,0.922218665992829,0.990253692257298,0.105902573167333
"78","V15",0.674611736642604,0.915887793593544,1.10684914805762,0.105175570231694
"79","V48",0.830575524573609,0.913235783849138,1.34840399863208,0.104871027864082
"80","V66",0.880638379391869,0.910267142468331,1.06509583688646,0.104530125242359
"81","V39",0.767588961514203,0.909490129851236,1.12702811499887,0.10444089734168
"82","V93",0.795331393134966,0.90903259011842,1.19793748728061,0.104388355968556
"83","V75",0.727858559396024,0.907986195921846,1.17508830202387,0.104268193753183
"84","V81",0.613564640005345,0.904921187191678,1.16522600716512,0.103916224829461
"85","V32",0.740784952004,0.902959111183362,1.27494942083508,0.103690910697691
"86","V22",0.617986288815748,0.897494146798144,1.18113491777291,0.103063343926377
"87","V57",0.831401388617701,0.885120064782936,1.14596160486574,0.101642371683766
"88","V95",0.807706724428657,0.877728234167912,1.19457912419001,0.100793534080045
"89","V34",0.777469167378487,0.872067021686709,1.02617732402036,0.100143431245311
"90","V27",0.848960646039901,0.868532104954001,1.08335957641716,0.0997375006436752
"91","V30",0.750725354101607,0.868208349135035,1.19616221821122,0.0997003222872064
"92","V35",0.614722871195567,0.866761010446985,1.11278232159774,0.0995341177882505
"93","V45",0.66663543898891,0.847738312354805,1.36575083294039,0.0973496546551189
"94","V29",0.783961502359241,0.814697039357577,0.98979226700393,0.0935553746647397
"95","V28",0.65324901941964,0.813620659485369,1.09512833385719,0.0934317690575493
"96","V65",0.663952927594815,0.813314441073854,1.3001661177657,0.093396604601519
"97","V17",0.759806071617495,0.807491776168437,1.12751679245232,0.0927279614489637
"98","V98",0.740375719854378,0.7883878602074,1.06507811688131,0.0905341716977356
"99","V91",0.717174056147692,0.759760098323759,0.916014029136912,0.087246715306647
